[TOC]

# 备份恢复

##         概述

        根据不同的类型划分备份：
            1 热备  online backup
            2 冷备  offine backup
            3 温备  在数据库运行中执行，但是会对数据库操作有影响
        
        按照备份后的文件内容
            1 逻辑备份
            2 裸文件备份
    
        按照备份数据库的内容分为：
            1 完全备份
            2 增量备份
            3 日志备份
        注:日志备份主要是指对MySQL数据库二进制日志的备份，通过对一个完全备份进行二进制日志的重做来完成数据库的point-in-time的恢复工作。MySQL数据库复制（Replication）的原理就是异步实时进行二进制日志重做。
    
    
        8.3 逻辑备份
       

### 冷备

```powershell
冷备
    优点:
    备份简单，只需要备份相关文件即可
    （.frm .idb 共享表空间 redolog）
    恢复简单，只需将文件恢复到指定位置即可
    恢复速度快

    缺点：
    备份文件大
    不可以轻易跨平台
```



### 逻辑备份

#### mysqldump

```sql
myisam   停服务|加全局锁  ---确保数据一致
innodb   无需停止服务    --通过mvcc多版本控制机制

mysqldump -uroot -poracle [备份的对象]  [根据不同的存储引擎]  > /tmp/mysql.all.sql
1） 所有库  -A
2） 一个库  直接跟上库名
3） 多个库  -B ecshop mysql

[根据不同的存储引擎]
1）myisam --lock-all-tables
2）innodb --single-transaction
3）--master-data  产生的备份文件主要用来创建replication
       值为1：dmp文件中记录change master语句
       值为2：dmp文件中记录change master语句被注释了
       此参数会忽略--lock-tables选项，若没加--single-transaction 则会自动使用--lock-all-tables选项

4）--where 导出给定条件的数据
实验：
[root@DBtest tmp]# mysqldump -uroot -p'(Uploo00king)' --single-transaction --where='emp_no<10009' employees salaries > /tmp/salary.sql
mysqldump: [Warning] Using a password on the command line interface can be insecure.

[root@DBtest tmp]# cat salary.sql
-- MySQL dump 10.13  Distrib 5.7.24, for linux-glibc2.12 (x86_64)
--
-- Host: localhost    Database: employees
-- ------------------------------------------------------
-- Server version       5.7.24

/*!40101 SET @OLD_CHARACTER_SET_CLIENT=@@CHARACTER_SET_CLIENT */;
/*!40101 SET @OLD_CHARACTER_SET_RESULTS=@@CHARACTER_SET_RESULTS */;
/*!40101 SET @OLD_COLLATION_CONNECTION=@@COLLATION_CONNECTION */;
/*!40101 SET NAMES utf8 */;
/*!40103 SET @OLD_TIME_ZONE=@@TIME_ZONE */;
/*!40103 SET TIME_ZONE='+00:00' */;
/*!40014 SET @OLD_UNIQUE_CHECKS=@@UNIQUE_CHECKS, UNIQUE_CHECKS=0 */;
/*!40014 SET @OLD_FOREIGN_KEY_CHECKS=@@FOREIGN_KEY_CHECKS, FOREIGN_KEY_CHECKS=0 */;
/*!40101 SET @OLD_SQL_MODE=@@SQL_MODE, SQL_MODE='NO_AUTO_VALUE_ON_ZERO' */;
/*!40111 SET @OLD_SQL_NOTES=@@SQL_NOTES, SQL_NOTES=0 */;

--
-- Table structure for table `salaries`
--

DROP TABLE IF EXISTS `salaries`;
/*!40101 SET @saved_cs_client     = @@character_set_client */;
/*!40101 SET character_set_client = utf8 */;
CREATE TABLE `salaries` (
  `emp_no` int(11) NOT NULL,
  `salary` int(11) NOT NULL,
  `from_date` date NOT NULL,
  `to_date` date NOT NULL,
  PRIMARY KEY (`emp_no`,`from_date`),
  CONSTRAINT `salaries_ibfk_1` FOREIGN KEY (`emp_no`) REFERENCES `employees` (`emp_no`) ON DELETE CASCADE
) ENGINE=InnoDB DEFAULT CHARSET=latin1;
/*!40101 SET character_set_client = @saved_cs_client */;

--
-- Dumping data for table `salaries`
--
-- WHERE:  emp_no<10009

LOCK TABLES `salaries` WRITE;
/*!40000 ALTER TABLE `salaries` DISABLE KEYS */;
INSERT INTO `salaries` VALUES (10001,60117,'1986-06-26','1987-06-26'),(10001,62102,'1987-06-26','1988-06-25'),(10001,66074,'1988-06-25','1989-06-25'),(10001,66596,'1989-06-25','1990-06-25'),(10001,66961,'1990-06-25','1991-06-25'),(10001,71046,'1991-06-25','1992-06-24'),(10001,74333,'1992-06-24','1993-06-24'),(10001,75286,'1993-06-24','1994-06-24'),(10001,75994,'1994-06-24','1995-06-24'),(10001,76884,'1995-06-24','1996-06-23'),(10001,80013,'1996-06-23','1997-06-23'),(10001,81025,'1997-06-23','1998-06-23'),(10001,81097,'1998-06-23','1999-06-23'),(10001,84917,'1999-06-23','2000-06-22'),(10001,85112,'2000-06-22','2001-06-22'),(10001,85097,'2001-06-22','2002-06-22'),(10001,88958,'2002-06-22','9999-01-01'),(10002,65828,'1996-08-03','1997-08-03'),(10002,65909,'1997-08-03','1998-08-03'),(10002,67534,'1998-08-03','1999-08-03'),(10002,69366,'1999-08-03','2000-08-02'),(10002,71963,'2000-08-02','2001-08-02'),(10002,72527,'2001-08-02','9999-01-01'),(10003,40006,'1995-12-03','1996-12-02'),(10003,43616,'1996-12-02','1997-12-02'),(10003,43466,'1997-12-02','1998-12-02'),(10003,43636,'1998-12-02','1999-12-02'),(10003,43478,'1999-12-02','2000-12-01'),(10003,43699,'2000-12-01','2001-12-01'),(10003,43311,'2001-12-01','9999-01-01'),(10004,40054,'1986-12-01','1987-12-01'),(10004,42283,'1987-12-01','1988-11-30'),(10004,42542,'1988-11-30','1989-11-30'),(10004,46065,'1989-11-30','1990-11-30'),(10004,48271,'1990-11-30','1991-11-30'),(10004,50594,'1991-11-30','1992-11-29'),(10004,52119,'1992-11-29','1993-11-29'),(10004,54693,'1993-11-29','1994-11-29'),(10004,58326,'1994-11-29','1995-11-29'),(10004,60770,'1995-11-29','1996-11-28'),(10004,62566,'1996-11-28','1997-11-28'),(10004,64340,'1997-11-28','1998-11-28'),(10004,67096,'1998-11-28','1999-11-28'),(10004,69722,'1999-11-28','2000-11-27'),(10004,70698,'2000-11-27','2001-11-27'),(10004,74057,'2001-11-27','9999-01-01'),(10005,78228,'1989-09-12','1990-09-12'),(10005,82621,'1990-09-12','1991-09-12'),(10005,83735,'1991-09-12','1992-09-11'),(10005,85572,'1992-09-11','1993-09-11'),(10005,85076,'1993-09-11','1994-09-11'),(10005,86050,'1994-09-11','1995-09-11'),(10005,88448,'1995-09-11','1996-09-10'),(10005,88063,'1996-09-10','1997-09-10'),(10005,89724,'1997-09-10','1998-09-10'),(10005,90392,'1998-09-10','1999-09-10'),(10005,90531,'1999-09-10','2000-09-09'),(10005,91453,'2000-09-09','2001-09-09'),(10005,94692,'2001-09-09','9999-01-01'),(10006,40000,'1990-08-05','1991-08-05'),(10006,42085,'1991-08-05','1992-08-04'),(10006,42629,'1992-08-04','1993-08-04'),(10006,45844,'1993-08-04','1994-08-04'),(10006,47518,'1994-08-04','1995-08-04'),(10006,47917,'1995-08-04','1996-08-03'),(10006,52255,'1996-08-03','1997-08-03'),(10006,53747,'1997-08-03','1998-08-03'),(10006,56032,'1998-08-03','1999-08-03'),(10006,58299,'1999-08-03','2000-08-02'),(10006,60098,'2000-08-02','2001-08-02'),(10006,59755,'2001-08-02','9999-01-01'),(10007,56724,'1989-02-10','1990-02-10'),(10007,60740,'1990-02-10','1991-02-10'),(10007,62745,'1991-02-10','1992-02-10'),(10007,63475,'1992-02-10','1993-02-09'),(10007,63208,'1993-02-09','1994-02-09'),(10007,64563,'1994-02-09','1995-02-09'),(10007,68833,'1995-02-09','1996-02-09'),(10007,70220,'1996-02-09','1997-02-08'),(10007,73362,'1997-02-08','1998-02-08'),(10007,75582,'1998-02-08','1999-02-08'),(10007,79513,'1999-02-08','2000-02-08'),(10007,80083,'2000-02-08','2001-02-07'),(10007,84456,'2001-02-07','2002-02-07'),(10007,88070,'2002-02-07','9999-01-01'),(10008,46671,'1998-03-11','1999-03-11'),(10008,48584,'1999-03-11','2000-03-10'),(10008,52668,'2000-03-10','2000-07-31');
/*!40000 ALTER TABLE `salaries` ENABLE KEYS */;
UNLOCK TABLES;
/*!40103 SET TIME_ZONE=@OLD_TIME_ZONE */;

/*!40101 SET SQL_MODE=@OLD_SQL_MODE */;
/*!40014 SET FOREIGN_KEY_CHECKS=@OLD_FOREIGN_KEY_CHECKS */;
/*!40014 SET UNIQUE_CHECKS=@OLD_UNIQUE_CHECKS */;
/*!40101 SET CHARACTER_SET_CLIENT=@OLD_CHARACTER_SET_CLIENT */;
/*!40101 SET CHARACTER_SET_RESULTS=@OLD_CHARACTER_SET_RESULTS */;
/*!40101 SET COLLATION_CONNECTION=@OLD_COLLATION_CONNECTION */;
/*!40111 SET SQL_NOTES=@OLD_SQL_NOTES */;

-- Dump completed on 2019-04-10 14:45:44
```



#### SELECT ... INTO OUTFILE


```sql 
SELECT ... INTO OUTFILE
    
导出数据报错：
mysql> select *  into outfile '/usr/local/mysql/date/dept.txt' from departments;
ERROR 1290 (HY000): The MySQL server is running with the --secure-file-priv option so it cannot execute this statement

解决方法：
1.进入mysql查看secure_file_prive的值
mysql>SHOW VARIABLES LIKE "secure_file_priv";
secure_file_prive=null   -- 限制mysqld 不允许导入导出
secure_file_priv=/tmp/   -- 限制mysqld的导入导出只能发生在/tmp/目录下
secure_file_priv=''     -- 不对mysqld 的导入 导出做限制

2.更改secure_file_pri的值

/usr/local/mysql/support-files中的my-default.cnf配置文件，就把它复制到/private/etc中，重命名为“my.cnf”，
并加入secure_file_priv=''，重启mysql服务器即可。

3.导出文件

mysql> select * from departments into outfile '/home/mysql/dept4.csv' FIELDS TERMINATED BY ',' OPTIONALLY ENCLOSED BY '"' LINES TERMINATED BY '\n' ;

4. 导入文件

mysql> load data infile '/home/mysql/dept5.csv' into table dept4 FIELDS TERMINATED BY ',' OPTIONALLY ENCLOSED BY '"' LINES TERMINATED BY '\n' ;
Query OK, 9 rows affected (0.00 sec)
Records: 9  Deleted: 0  Skipped: 0  Warnings: 0

mysql> select * from dept4;
+---------+--------------------+
| dept_no | dept_name          |
+---------+--------------------+
| d009    | Customer Service   |
| d005    | Development        |
| d002    | Finance            |
| d003    | Human Resources    |
| d001    | Marketing          |
| d004    | Production         |
| d006    | Quality Management |
| d008    | Research           |
| d007    | Sales              |
+---------+--------------------+
9 rows in set (0.00 sec)
```



#### 逻辑备份的恢复

```sql
逻辑备份还原步骤：
1） 停止服务
2） 清环境  rm -rf /var/lib/mysql/*
3） 起服务  service mysqld start  ---注意二进制安装需要重新初始化数据
    /app/mysql/bin/mysqld --initialize-insecure --datadir=/app/mysql/data/  --user=mysql
4） 导数据  mysql < /tmp/mysql.all.sql
5） 刷新权限 flush privilrges
6） 测试
```



#### LOAD DATA INFILE

```sql 
mysql> select * from dept4;
+---------+--------------------+
| dept_no | dept_name          |
+---------+--------------------+
| d009    | Customer Service   |
| d005    | Development        |
| d002    | Finance            |
| d003    | Human Resources    |
| d001    | Marketing          |
| d004    | Production         |
| d006    | Quality Management |
| d008    | Research           |
| d007    | Sales              |
+---------+--------------------+
9 rows in set (0.00 sec)

创建实验表：
mysql> create table dept5 as select * from dept4 where 1=2;
Query OK, 0 rows affected (0.04 sec)
Records: 0  Duplicates: 0  Warnings: 0

mysql> alter table dept5 add no_name varchar(50);
Query OK, 0 rows affected (0.15 sec)
Records: 0  Duplicates: 0  Warnings: 0

mysql> desc dept5;
+-----------+-------------+------+-----+---------+-------+
| Field     | Type        | Null | Key | Default | Extra |
+-----------+-------------+------+-----+---------+-------+
| dept_no   | char(4)     | NO   |     | NULL    |       |
| dept_name | varchar(40) | NO   |     | NULL    |       |
| no_name   | varchar(50) | YES  |     | NULL    |       |
+-----------+-------------+------+-----+---------+-------+
3 rows in set (0.00 sec)

导入数据
mysql> load data infile '/home/mysql/dept5.csv' into table dept5 FIELDS TERMINATED BY ',' OPTIONALLY ENCLOSED BY '"' LINES TERMINATED BY '\n' (dept_no,dept_name)  set no_name=concat(dept_no,dept_name);

mysql> select * from dept5;
+---------+--------------------+------------------------+
| dept_no | dept_name          | no_name                |
+---------+--------------------+------------------------+
| d009    | Customer Service   | d009Customer Service   |
| d005    | Development        | d005Development        |
| d002    | Finance            | d002Finance            |
| d003    | Human Resources    | d003Human Resources    |
| d001    | Marketing          | d001Marketing          |
| d004    | Production         | d004Production         |
| d006    | Quality Management | d006Quality Management |
| d008    | Research           | d008Research           |
| d007    | Sales              | d007Sales              |
+---------+--------------------+------------------------+
9 rows in set (0.00 sec)
```



### 二进制日志备份与恢复

```python
二进制日志备份与恢复

binlog查看：
row格式的二进制日志：
mysqlbinlog --base64-output="decode-rows"  -v mysql-bin.000009 > /tmp/0411.sql

处理row格式的Python的脚本：
#!/usr/bin/python
#_*_ coding: utf-8 _*_
import re
import sys

sql_list = ['create','drop','alter','grant','revoke','flush','insert','delete','update','BEGIN','COMMIT','ROLLBACK','###']

sql_up_list=[]
sql_low_list=[]
for i in sql_list:
  sql_up_list.append(i.upper())
  sql_low_list.append(i.lower())

a_file = open ('logfile','r')
a_list = a_file.readlines()
for i in a_list:
        for j in sql_up_list:
                r=re.compile('^'+j)
                if r.search(i):
                        i_new=re.sub('\/\*.*\*\/;','',i)
                        print i_new.strip()+';'

        for k in sql_low_list:
                q=re.compile('^'+k)
                if q.search(i):
                        i_new=re.sub('\/\*.*\*\/;','',i)
                        print i_new.strip()+';'
                        
                        
实验：
1) 查看日志状态
   在binlog日志目录中查看日志号
   数据库中： show master status\G
2) 切换日志
   mysql -uroot -poracle -e "flush logs
3） binlog恢复演练

#数据库全备份
  [root@ARIS mysql-log]# mysqldump -uroot -poracle -A --single-transaction --master-data=2 --flush-logs > /tmp/mysql.12.sql
  PS： 全备之后的写操作是从哪个日志开始  --master-date=2
       全备份之后的写操作单独记录  --flush-logs
     
#全备份恢复
       a） 停服务
       b） 清环境
       c） 启动服务
       d） 导入数据
       e） 刷新授权
       f） 测试
       
#实时增量的恢复
a) 找到全备份之后的二进制日志
[root@ARIS mysql-log]# sed -n '22p' /tmp/mysql.12.sql
-- CHANGE MASTER TO MASTER_LOG_FILE='mastera.000006', MASTER_LOG_POS=154;
    
    
b) 确认误操作
[root@ARIS data]# mysqlbinlog --base64-output="decode-rows"  -v mysql-bin.000011 > /tmp/filelog.txt
[root@ARIS tmp]# cat filelog.txt |grep "DELETE"
### DELETE FROM `employees`.`dept5`
### DELETE FROM `employees`.`dept5`
### DELETE FROM `employees`.`dept5`
### DELETE FROM `employees`.`dept5`
### DELETE FROM `employees`.`dept5`
### DELETE FROM `employees`.`dept5`
### DELETE FROM `employees`.`dept5`
### DELETE FROM `employees`.`dept5`
### DELETE FROM `employees`.`dept5`
### DELETE FROM `employees`.`dept5`
### DELETE FROM `employees`.`dept5`

[root@ARIS tmp]# cat filelog.txt |grep -B 15 "DELETE"
#190411 14:10:27 server id 4406  end_log_pos 1070 CRC32 0x96a1e56e      Xid = 129
COMMIT/*!*/;
# at 1070
#190411 14:11:12 server id 4406  end_log_pos 1135 CRC32 0x725556e8      Anonymous_GTID  last_committed=3        sequence_number=4       rbr_only=yes
/*!50718 SET TRANSACTION ISOLATION LEVEL READ COMMITTED*//*!*/;
SET @@SESSION.GTID_NEXT= 'ANONYMOUS'/*!*/;
# at 1135
#190411 14:11:12 server id 4406  end_log_pos 1212 CRC32 0xfe3dcc41      Query   thread_id=6     exec_time=0     error_code=0
SET TIMESTAMP=1554963072/*!*/;
BEGIN
/*!*/;
# at 1212
#190411 14:11:12 server id 4406  end_log_pos 1273 CRC32 0xf1525b4d      Table_map: `employees`.`dept5` mapped to number 121
# at 【1273】               “--position位置号”
#190411 14:11:12 server id 4406  end_log_pos 1634 CRC32 0x7912c1d6      Delete_rows: table id 121 flags: STMT_END_F
### DELETE FROM `employees`.`dept5`

c) 从日志中过滤出正常操作
mysqlbinlog --start-datetime="2017-05-24 15:03:36" --stop-datetime= "2017-05-24 16:03:36" mastera.000003|mysql -uroot -poracle

位置编号：    827 1022  1404
mysqlbinlog --stop-position=827 mastera.000006|mysql -uroot -poracle
mysqlbinlog --start-position=1022 --stop-position=1404 mastera.000006|mysql -uroot -poracle

d) 导入数据
mysqlbinlog --stop-position=1212  mysql-bin.000011|mysql -uroot -puplooking

e） 测试
#数据库回复完成后做全备份   
```



​    

### 热备

```shell
    原理：
    1 记录备份开始时，INNODB存储引擎的重做日志的检查点LSN
    2 复制共享表空间文件以及独立表空间文件
    3 记录复制完成之后，INNODB存储引擎的重做日志的检查点LSN
    4 复制在备份时产生的重做日志

    优点：
    1 在线备份 不会阻塞SQL
    2 备份性能好 支持压缩
    3 跨平台支持

    恢复步骤：
    1 恢复表空间
    2 应用重做日志
```



#### xtrabackup的安装

```sql
xtrabackup的安装

依赖关系：
rpm -ivh libev-4.15-7.el7.x86_64.rpm
yum localinstall -y percona-xtrabackup-2.3.4-1.el7.x86_64.rpm 


 检查软件安装包：
   [root@nbutest ~]# rpm -ql percona-xtrabackup
   /usr/bin/innobackupex    #命令
   /usr/bin/xbcloud
   /usr/bin/xbcloud_osenv
   /usr/bin/xbcrypt
   /usr/bin/xbstream
   /usr/bin/xtrabackup
   /usr/share/doc/percona-xtrabackup-2.3.4
   /usr/share/doc/percona-xtrabackup-2.3.4/COPYING
   /usr/share/man/man1/innobackupex.1.gz
   /usr/share/man/man1/xbcrypt.1.gz
   /usr/share/man/man1/xbstream.1.gz
   /usr/share/man/man1/xtrabackup.1.gz
```

​    

#### xtrabackup实现增量备份


```mysql
    工作原理：
    1 首先完成全备，xtrabackup记录下此时的检查点LSN
    2 在进行增量备份的时候，比较表空间中每个页的LSN是否大于上次备份的LSN，若是，备份该页，同时记录当前的检查点LSN

    实验：
    全备：
    xtrabackup会读取my.cnf 配置文件
    [root@DBtest tmp]#  innobackupex --defaults-file=/etc/my.cnf --user=root --password='(Uploo00king)' --host=127.0.0.1 /tmp/backup

    第一次增备：
    创建新表total_cj
    mysql> create table total_cj as
    select  name as Name, sum(case when Subject = '语文' then Fraction end) as Chinese,
    sum(case when Subject = '数学' then Fraction end) as Math, sum(case when Subject = '英语' then Fraction end) as English,
    sum(fraction)as score from t_score group by name UNION ALL select  name as Name,sum(Chinese) as Chinese,sum(Math) as Math,
    sum(English) as English,sum(score) as score from( select 'TOTAL' as name, sum(case when Subject = '语文' then Fraction end) as Chinese,
    sum(case when Subject = '数学' then Fraction end) as Math, sum(case when Subject = '英语' then Fraction end) as English,
    sum(fraction)as score from t_score group by Subject) t group by t.Name;

    innobackupex --defaults-file=/etc/my.cnf --user=root --password='(Uploo00king)' --host=127.0.0.1
    --incremental-basedir=/tmp/backup/2019-04-17_14-25-29/ --incremental /tmp/backup
    
    第二次增备：
    mysql> create table total_cj2 as select * from total_cj;

    innobackupex --defaults-file=/etc/my.cnf --user=root --password='(Uploo00king)' --host=127.0.0.1
    --incremental-basedir=/tmp/backup/2019-04-17_14-27-08/ --incremental /tmp/backup
    
    误操作：
    mysql> drop database db100;
    
    
    还原数据库：
    停服务，清环境
    [root@DBtest backup]# service mysqld stop
    Shutting down MySQL.. SUCCESS!
    [root@DBtest backup]# cd /usr/local/mysql/
    [root@DBtest mysql]# rm -rf data/
    
     整合备份
     1.先对全备做apply-log redo-only
     innobackupex --apply-log --redo-only /tmp/backup/2019-04-17_14-25-29
     2.合并增量1和全备份
     innobackupex --apply-log --redo-only /tmp/backup/2019-04-17_14-25-29/ --incremental-dir=/tmp/backup/2019-04-17_14-27-08/
     3.合并增量2
     innobackupex --apply-log --redo-only /tmp/backup/2019-04-17_14-25-29/ --incremental-dir=/tmp/backup/2019-04-17_14-28-48/
     
    还原备份
    对整合后的全备份做回滚并且重演
    innobackupex --apply-log  /tmp/backup/2019-04-17_14-25-29

    导入数据
    innobackupex --copy-back /tmp/backup/2019-04-17_14-25-29
    
    
    修改权限
    [root@DBtest mysql]# cd /usr/local/mysql
    [root@DBtest mysql]# chown mysql. -R data/   
    
    启动
    service mysqld start
```



### 快照备份

```SQL
    原理：
    LVM使用写时复制技术创建快照。
    当创建一个快照时，仅复制原始卷中数据的元数据（meta data）因此快照的创建速度非常快。
    当快照创建完成之后，原始卷上有写操作，快照会跟踪原始卷的该变，将要该变的数据在该变之前复制到快照的预留空间里面。
    对于快照的读取操作，如果读取的数据块是在快照后没有修改过的，那么读取操作直接重定向到原始卷上，如果是修改后的块，则读取保存在快照中该数据块的原始版本。
    这样保证了数据与创建快照时一致。
    
    对于INNODB存储引擎文件做快照时，数据库无需关闭，即可在线备份。虽然此时数据库当中还可能有写入操作，但是这不会妨碍备份的正确性。
    因为，INNODB是事务安全的引擎。在下次恢复时，数据库会自动检查表空间中页的状态，并且决定是否使用重做日志，恢复就好像数据库被意外重启了。
    （而其他数据库引擎的表就需要停止服务，否则会报错）
   
```



#### 快照备份实验

```sql
    实验：
    1 使得数据库数据目录挂接逻辑卷使用

    a)查看系统盘使用情况：
    [root@DBtest ~]# lsblk
NAME          MAJ:MIN RM  SIZE RO TYPE MOUNTPOINT
fd0             2:0    1    4K  0 disk
sda             8:0    0  100G  0 disk
├─sda1          8:1    0  500M  0 part /boot
└─sda2          8:2    0 99.5G  0 part
  ├─rhel-root 253:0    0   50G  0 lvm  /
  ├─rhel-swap 253:1    0  7.9G  0 lvm  [SWAP]
  └─rhel-home 253:2    0 41.6G  0 lvm  /home
sdb             8:16   0  100G  0 disk
sr0            11:0    1 1024M  0 rom

    b)划分分区，创建逻辑卷
    fdisk----pv----vg----lv----mkfs----mount

    创建fdiskfile
    [root@DBtest mysql]# vi  fdiskfile
n
p
+1G
n
p
+1G
n
p
+1G
w

    分区
    fdisk /dev/sdb < fdiskfile
    partprobe /dev/vdb* 使得内存中的分区生效到磁盘上

    创建物理卷
    [root@DBtest mysql]# pvcreate /dev/sdb{1..3}
    Physical volume "/dev/sdb1" successfully created
    Physical volume "/dev/sdb2" successfully created
    Physical volume "/dev/sdb3" successfully created
    
    创建卷组
    [root@DBtest mysql]# vgcreate vgmysql /dev/sdb{1..3}
    Volume group "vgmysql" successfully created
    
    
    从卷组中划分逻辑卷
    [root@DBtest mysql]# lvcreate -L 2G -n lv-mysql-1 vgmysql
    Logical volume "lv-mysql-1" created
    
    查看系统当前的逻辑卷
[root@DBtest mysql]# lvs
LV         VG      Attr       LSize  Pool Origin Data%  Meta%  Move Log Cpy%Sync Convert
home       rhel    -wi-ao---- 41.57g                                                   
root       rhel    -wi-ao---- 50.00g                                                   
swap       rhel    -wi-ao----  7.88g                                                   
lv-mysql-1 vgmysql -wi-a-----  2.00g 
     
     创建文件系统，格式化
[root@DBtest mysql]# mkfs.ext4 /dev/vgmysql/lv-mysql-1

    c)数据库全备
    停服务
    备份
    [root@DBtest mysql]# service mysqld stop
    Shutting down MySQL.. SUCCESS!
    [root@DBtest mysql]# tar -jcf /tmp/mysql.all.`date +%F`.tar.bz2 /usr/local/mysql/data
  
    
    d) mount 逻辑卷到数据库数据目录
    查看数据目录属性
    [root@DBtest mysql]# ll /usr/local/mysql/data/
total 241736
-rw-r----- 1 mysql mysql        56 Apr 17 14:36 auto.cnf
drwxr-x--- 2 mysql mysql      8192 Apr 17 14:36 db100
-rw-r----- 1 mysql mysql      8302 Apr 19 10:57 DBtest.err
drwxr-x--- 2 mysql mysql      4096 Apr 17 14:36 employees
-rw-r----- 1 mysql mysql      3642 Apr 19 10:57 ib_buffer_pool
-rw-r----- 1 mysql mysql 146800640 Apr 19 10:57 ibdata1
-rw-r----- 1 mysql mysql  50331648 Apr 19 10:57 ib_logfile0
-rw-r----- 1 mysql mysql  50331648 Apr 17 14:36 ib_logfile1
drwxr-x--- 2 mysql mysql      4096 Apr 17 14:36 mysql
drwxr-x--- 2 mysql mysql      8192 Apr 17 14:36 performance_schema
drwxr-x--- 2 mysql mysql      8192 Apr 17 14:36 sys
-rw-r----- 1 mysql mysql       548 Apr 17 14:36 xtrabackup_info
-rw-r----- 1 mysql mysql         1 Apr 17 14:36 xtrabackup_master_key_id

    [root@DBtest mysql]# ll /usr/local/mysql/data/ -d
drwxr-x--- 7 mysql mysql 4096 Apr 19 10:57 /usr/local/mysql/data/


    e) 数据库全备还原
    导入数据
    tar -xvf /tmp/mysql.all.2019-04-19.tar.bz2 -C /
    备份绝对路径的好处是解压之后，原始目录的权限属性会覆盖
    [root@DBtest data]# ll /usr/local/mysql/data/ -d
drwxr-x--- 7 mysql mysql 4096 Apr 19 10:57 /usr/local/mysql/data/
    修改权限
    [root@DBtest data]# ll /usr/local/mysql/data/
    
    
    启动服务
    [root@DBtest data]# service mysqld start
    测试
    [root@DBtest data]# mysql -uroot -p'(Uploo00king)'
    
    编辑配置文件，开机自动挂接
    [root@DBtest tmp]# vi /etc/fstab

#
# /etc/fstab
# Created by anaconda on Sun Sep 10 23:39:11 2017
#
# Accessible filesystems, by reference, are maintained under '/dev/disk'
# See man pages fstab(5), findfs(8), mount(8) and/or blkid(8) for more info
#
/dev/mapper/rhel-root   /                       xfs     defaults        0 0
UUID=6babc5ab-c1eb-492c-924f-b89a2064b81b /boot                   xfs     defaults        0 0
/dev/mapper/rhel-home   /home                   xfs     defaults        0 0
/dev/mapper/rhel-swap   swap                    swap    defaults        0 0
/dev/vgmysql/lv-mysql-1 /usr/local/mysql/data   xfs     defaults        0 0

    2 创建快照，备份数据库
   
    前提：创建快照的大小指定要大于等于挂载使用的逻辑卷的大小
    逻辑卷扩容：
    创建新的分区，并且制成物理卷
    [root@DBtest tmp]# pvcreate /dev/sdb{4..5}

    [root@DBtest tmp]# pvcreate /dev/sdb6

    卷组扩容
    [root@DBtest tmp]# vgextend vgmysql /dev/sdb{5..6}

    [root@DBtest tmp]# vgs
VG      #PV #LV #SN Attr   VSize  VFree
rhel      1   3   0 wz--n- 99.51g 64.00m
vgmysql   5   1   0 wz--n-  4.98g  2.98g

    ##################################################
    逻辑卷扩容 [这一步不必要，只要保证卷组的空间足够]
    ##################################################
    [root@DBtest tmp]# lvextend -L +2G /dev/vgmysql/lv-mysql-1
    文件系统扩容
    [root@DBtest tmp]# resize2fs -p /dev/vgmysql/lv-mysql-1
    [root@DBtest tmp]# df -hP
Filesystem                        Size  Used Avail Use% Mounted on
/dev/mapper/rhel-root              50G  8.4G   42G  17% /
devtmpfs                          3.9G     0  3.9G   0% /dev
tmpfs                             3.9G   84K  3.9G   1% /dev/shm
tmpfs                             3.9G   89M  3.8G   3% /run
tmpfs                             3.9G     0  3.9G   0% /sys/fs/cgroup
/dev/mapper/rhel-home              42G  354M   42G   1% /home
/dev/sda1                         497M  157M  341M  32% /boot
tmpfs                             783M   16K  783M   1% /run/user/42
tmpfs                             783M     0  783M   0% /run/user/0
/dev/mapper/vgmysql-lv--mysql--1  3.9G  843M  2.9G  23% /usr/local/mysql-5.7.24-linux-glibc2.12-x86_64/data

    a)数据一致  服务不可用（加全局的读锁）
    mysql> FLUSH TABLES WITH READ LOCK;
    mysql>  FLUSH LOGS;   #滚动日志
    
    记录binlog状态：
    [root@DBtest data]# mysql -uroot -p'(Uploo00king)'  -e 'SHOW MASTER STATUS\G;' > /tmp/backup/master-`date +%F`.info

    b)创建快照
    [root@DBtest data]# lvcreate -s -L 2G -n mysqlsn /dev/vgmysql/lv-mysql-1
    
    c)解锁
    mysql> unlock tables;

    d)挂接快照，获取备份数据
    [root@DBtest backup]# mount /dev/vgmysql/mysqlsn /mnt
    [root@DBtest backup]# cd /mnt
    [root@DBtest mnt]# tar -jcf /tmp/mysql.sn.tar.bz2 ./*

    f)删除快照
    [root@DBtest mnt]# cd ~
    [root@DBtest ~]# umount /mnt
    [root@DBtest ~]# lvremove /dev/vgmysql/mysqlsn
    
    3 恢复测试
    rm -rf /usr/local/mysql/data/
    tar -tf mysql.sn.tar.bz2
    tar -xvf mysql.sn.tar.bz2 -C /usr/local/mysql/data/
    ll /usr/local/mysql/data/
    ll /usr/local/mysql/data/ -d
    service mysqld start
```



### 复制

```SQL
    复制
    原理：
    1）主服务器把数据更改记录到二进制日志中
    2）从服务器把主服务器的二进制日志复制到自己的中继日志中（relay log）
    3）从服务器重做中继日志，把更改应用到自己的数据库上，以达到数据的一致性

    快照+复制的备份架构
    复制可以用来作为备份，其主要功能如下：
    1 数据分布：在不同的数据中心之间实现数据的复制
    2 读取的负载平衡。通过建立多个从服务器，将读取平均分配到这些从机上
    3 数据库备份
    4 高可用和故障转移

    为了避免主库的误操作对复制的影响，可以对从库的数据文件做快照。
    当发生误操作时，利用快照进行恢复，再根据二进制日志进行point-in-time即可
    注意从库开启read-only
```
#### 复制实验

```
mysql5.7 基于GTID的单主从架构
GTID 全局事务标识符
master
a) 配置文件  server-id
             log-bin
             打开GTID gtid_mode=on
             强制保持一致 enforce_gtid_consistency=1
             在my.cnf里面添加如上参数后，修改权限所有者为mysql
             mkdir /usr/local/mysql/mysqllog
             chown mysql. mysqllog/ -R

b) 授权      mysql> grant replication slave on *.* to sage@'174.34.%.%' identified by 'oracle';

c) 全备      mysqldump -uroot -p'(Uploo00king)' -A --master-data=2 --flush-logs > /tmp/mysql.all.sql
             scp mysql.all.sql root@174.34.98.52:/tmp/


slave
a) 配置文件   server-id
             打开GTID gtid_mode=on
             强制保持一致 enforce_gtid_consistency=1
b) 初始化数据一致
   mysql -uroot -p'(Uploo00king)' < /tmp/mysql.all.sql

c) change master        master_log_file=   master_log_pos=
   变成    master_auto_position=1
   mysql> change master to master_user='sage',master_password='oracle',master_host='174.34.98.51',master_auto_position=1;

d) 启动slave服务   mysql>  start slave
e) 查看 测试
```

